device,dtype,poison,function,selected_samples,version,loss,finite_loss,finite_prediction_gradient,prediction_gradient_max_abs,gt_gradient_present
cpu,torch.float32,nan,masked_l1,0,before,,False,True,0.0,False
cpu,torch.float32,nan,masked_l1,0,after,0.0,True,True,0.0,False
cpu,torch.float32,nan,masked_l1,1,before,0.20000004768371582,True,True,1.0,True
cpu,torch.float32,nan,masked_l1,1,after,0.20000004768371582,True,True,1.0,True
cpu,torch.float32,nan,masked_l1,2,before,0.20000004768371582,True,True,0.5,True
cpu,torch.float32,nan,masked_l1,2,after,0.20000004768371582,True,True,0.5,True
cpu,torch.float32,nan,masked_l1,3,before,0.20000003278255463,True,True,0.3333333432674408,True
cpu,torch.float32,nan,masked_l1,3,after,0.20000003278255463,True,True,0.3333333432674408,True
cpu,torch.float32,nan,masked_l1,4,before,0.2499999850988388,True,True,0.25,True
cpu,torch.float32,nan,masked_l1,4,after,0.2499999850988388,True,True,0.25,True
cpu,torch.float32,nan,masked_l1,5,before,0.30000001192092896,True,True,0.20000000298023224,True
cpu,torch.float32,nan,masked_l1,5,after,0.30000001192092896,True,True,0.20000000298023224,True
cpu,torch.float32,nan,masked_l1,6,before,0.3500000238418579,True,True,0.1666666716337204,True
cpu,torch.float32,nan,masked_l1,6,after,0.3500000238418579,True,True,0.1666666716337204,True
cpu,torch.float32,nan,masked_l1,7,before,0.37142857909202576,True,True,0.1428571492433548,True
cpu,torch.float32,nan,masked_l1,7,after,0.37142857909202576,True,True,0.1428571492433548,True
cpu,torch.float32,nan,masked_l1,8,before,0.4125000536441803,True,True,0.125,True
cpu,torch.float32,nan,masked_l1,8,after,0.4125000536441803,True,True,0.125,True
cpu,torch.float32,nan,pearson_depth_loss,0,before,,False,True,0.0,False
cpu,torch.float32,nan,pearson_depth_loss,0,after,0.0,True,True,0.0,False
cpu,torch.float32,nan,pearson_depth_loss,1,before,,False,True,0.0,False
cpu,torch.float32,nan,pearson_depth_loss,1,after,0.0,True,True,0.0,False
cpu,torch.float32,nan,pearson_depth_loss,2,before,0.0,True,True,0.0,True
cpu,torch.float32,nan,pearson_depth_loss,2,after,0.0,True,True,0.0,True
cpu,torch.float32,nan,pearson_depth_loss,3,before,0.024327337741851807,True,True,0.15720944106578827,True
cpu,torch.float32,nan,pearson_depth_loss,3,after,0.024327337741851807,True,True,0.15720944106578827,True
cpu,torch.float32,nan,pearson_depth_loss,4,before,0.010636329650878906,True,True,0.0692354291677475,True
cpu,torch.float32,nan,pearson_depth_loss,4,after,0.010636329650878906,True,True,0.0692354291677475,True
cpu,torch.float32,nan,pearson_depth_loss,5,before,0.004512012004852295,True,True,0.025371767580509186,True
cpu,torch.float32,nan,pearson_depth_loss,5,after,0.004512012004852295,True,True,0.025371767580509186,True
cpu,torch.float32,nan,pearson_depth_loss,6,before,0.045606911182403564,True,True,0.08425500243902206,True
cpu,torch.float32,nan,pearson_depth_loss,6,after,0.045606911182403564,True,True,0.08425500243902206,True
cpu,torch.float32,nan,pearson_depth_loss,7,before,0.024103283882141113,True,True,0.04844566807150841,True
cpu,torch.float32,nan,pearson_depth_loss,7,after,0.024103283882141113,True,True,0.04844566807150841,True
cpu,torch.float32,nan,pearson_depth_loss,8,before,0.04150652885437012,True,True,0.03697288781404495,True
cpu,torch.float32,nan,pearson_depth_loss,8,after,0.04150652885437012,True,True,0.03697288781404495,True
cpu,torch.float32,inf,masked_l1,0,before,,False,True,0.0,False
cpu,torch.float32,inf,masked_l1,0,after,0.0,True,True,0.0,False
cpu,torch.float32,inf,masked_l1,1,before,0.20000004768371582,True,True,1.0,True
cpu,torch.float32,inf,masked_l1,1,after,0.20000004768371582,True,True,1.0,True
cpu,torch.float32,inf,masked_l1,2,before,0.20000004768371582,True,True,0.5,True
cpu,torch.float32,inf,masked_l1,2,after,0.20000004768371582,True,True,0.5,True
cpu,torch.float32,inf,masked_l1,3,before,0.20000003278255463,True,True,0.3333333432674408,True
cpu,torch.float32,inf,masked_l1,3,after,0.20000003278255463,True,True,0.3333333432674408,True
cpu,torch.float32,inf,masked_l1,4,before,0.2499999850988388,True,True,0.25,True
cpu,torch.float32,inf,masked_l1,4,after,0.2499999850988388,True,True,0.25,True
cpu,torch.float32,inf,masked_l1,5,before,0.30000001192092896,True,True,0.20000000298023224,True
cpu,torch.float32,inf,masked_l1,5,after,0.30000001192092896,True,True,0.20000000298023224,True
cpu,torch.float32,inf,masked_l1,6,before,0.3500000238418579,True,True,0.1666666716337204,True
cpu,torch.float32,inf,masked_l1,6,after,0.3500000238418579,True,True,0.1666666716337204,True
cpu,torch.float32,inf,masked_l1,7,before,0.37142857909202576,True,True,0.1428571492433548,True
cpu,torch.float32,inf,masked_l1,7,after,0.37142857909202576,True,True,0.1428571492433548,True
cpu,torch.float32,inf,masked_l1,8,before,0.4125000536441803,True,True,0.125,True
cpu,torch.float32,inf,masked_l1,8,after,0.4125000536441803,True,True,0.125,True
cpu,torch.float32,inf,pearson_depth_loss,0,before,,False,True,0.0,False
cpu,torch.float32,inf,pearson_depth_loss,0,after,0.0,True,True,0.0,False
cpu,torch.float32,inf,pearson_depth_loss,1,before,,False,True,0.0,False
cpu,torch.float32,inf,pearson_depth_loss,1,after,0.0,True,True,0.0,False
cpu,torch.float32,inf,pearson_depth_loss,2,before,0.0,True,True,0.0,True
cpu,torch.float32,inf,pearson_depth_loss,2,after,0.0,True,True,0.0,True
cpu,torch.float32,inf,pearson_depth_loss,3,before,0.024327337741851807,True,True,0.15720944106578827,True
cpu,torch.float32,inf,pearson_depth_loss,3,after,0.024327337741851807,True,True,0.15720944106578827,True
cpu,torch.float32,inf,pearson_depth_loss,4,before,0.010636329650878906,True,True,0.0692354291677475,True
cpu,torch.float32,inf,pearson_depth_loss,4,after,0.010636329650878906,True,True,0.0692354291677475,True
cpu,torch.float32,inf,pearson_depth_loss,5,before,0.004512012004852295,True,True,0.025371767580509186,True
cpu,torch.float32,inf,pearson_depth_loss,5,after,0.004512012004852295,True,True,0.025371767580509186,True
cpu,torch.float32,inf,pearson_depth_loss,6,before,0.045606911182403564,True,True,0.08425500243902206,True
cpu,torch.float32,inf,pearson_depth_loss,6,after,0.045606911182403564,True,True,0.08425500243902206,True
cpu,torch.float32,inf,pearson_depth_loss,7,before,0.024103283882141113,True,True,0.04844566807150841,True
cpu,torch.float32,inf,pearson_depth_loss,7,after,0.024103283882141113,True,True,0.04844566807150841,True
cpu,torch.float32,inf,pearson_depth_loss,8,before,0.04150652885437012,True,True,0.03697288781404495,True
cpu,torch.float32,inf,pearson_depth_loss,8,after,0.04150652885437012,True,True,0.03697288781404495,True
cpu,torch.float32,negative-inf,masked_l1,0,before,,False,True,0.0,False
cpu,torch.float32,negative-inf,masked_l1,0,after,0.0,True,True,0.0,False
cpu,torch.float32,negative-inf,masked_l1,1,before,0.20000004768371582,True,True,1.0,True
cpu,torch.float32,negative-inf,masked_l1,1,after,0.20000004768371582,True,True,1.0,True
cpu,torch.float32,negative-inf,masked_l1,2,before,0.20000004768371582,True,True,0.5,True
cpu,torch.float32,negative-inf,masked_l1,2,after,0.20000004768371582,True,True,0.5,True
cpu,torch.float32,negative-inf,masked_l1,3,before,0.20000003278255463,True,True,0.3333333432674408,True
cpu,torch.float32,negative-inf,masked_l1,3,after,0.20000003278255463,True,True,0.3333333432674408,True
cpu,torch.float32,negative-inf,masked_l1,4,before,0.2499999850988388,True,True,0.25,True
cpu,torch.float32,negative-inf,masked_l1,4,after,0.2499999850988388,True,True,0.25,True
cpu,torch.float32,negative-inf,masked_l1,5,before,0.30000001192092896,True,True,0.20000000298023224,True
cpu,torch.float32,negative-inf,masked_l1,5,after,0.30000001192092896,True,True,0.20000000298023224,True
cpu,torch.float32,negative-inf,masked_l1,6,before,0.3500000238418579,True,True,0.1666666716337204,True
cpu,torch.float32,negative-inf,masked_l1,6,after,0.3500000238418579,True,True,0.1666666716337204,True
cpu,torch.float32,negative-inf,masked_l1,7,before,0.37142857909202576,True,True,0.1428571492433548,True
cpu,torch.float32,negative-inf,masked_l1,7,after,0.37142857909202576,True,True,0.1428571492433548,True
cpu,torch.float32,negative-inf,masked_l1,8,before,0.4125000536441803,True,True,0.125,True
cpu,torch.float32,negative-inf,masked_l1,8,after,0.4125000536441803,True,True,0.125,True
cpu,torch.float32,negative-inf,pearson_depth_loss,0,before,,False,True,0.0,False
cpu,torch.float32,negative-inf,pearson_depth_loss,0,after,0.0,True,True,0.0,False
cpu,torch.float32,negative-inf,pearson_depth_loss,1,before,,False,True,0.0,False
cpu,torch.float32,negative-inf,pearson_depth_loss,1,after,0.0,True,True,0.0,False
cpu,torch.float32,negative-inf,pearson_depth_loss,2,before,0.0,True,True,0.0,True
cpu,torch.float32,negative-inf,pearson_depth_loss,2,after,0.0,True,True,0.0,True
cpu,torch.float32,negative-inf,pearson_depth_loss,3,before,0.024327337741851807,True,True,0.15720944106578827,True
cpu,torch.float32,negative-inf,pearson_depth_loss,3,after,0.024327337741851807,True,True,0.15720944106578827,True
cpu,torch.float32,negative-inf,pearson_depth_loss,4,before,0.010636329650878906,True,True,0.0692354291677475,True
cpu,torch.float32,negative-inf,pearson_depth_loss,4,after,0.010636329650878906,True,True,0.0692354291677475,True
cpu,torch.float32,negative-inf,pearson_depth_loss,5,before,0.004512012004852295,True,True,0.025371767580509186,True
cpu,torch.float32,negative-inf,pearson_depth_loss,5,after,0.004512012004852295,True,True,0.025371767580509186,True
cpu,torch.float32,negative-inf,pearson_depth_loss,6,before,0.045606911182403564,True,True,0.08425500243902206,True
cpu,torch.float32,negative-inf,pearson_depth_loss,6,after,0.045606911182403564,True,True,0.08425500243902206,True
cpu,torch.float32,negative-inf,pearson_depth_loss,7,before,0.024103283882141113,True,True,0.04844566807150841,True
cpu,torch.float32,negative-inf,pearson_depth_loss,7,after,0.024103283882141113,True,True,0.04844566807150841,True
cpu,torch.float32,negative-inf,pearson_depth_loss,8,before,0.04150652885437012,True,True,0.03697288781404495,True
cpu,torch.float32,negative-inf,pearson_depth_loss,8,after,0.04150652885437012,True,True,0.03697288781404495,True
cpu,torch.float32,overflow,masked_l1,0,before,,False,True,0.0,False
cpu,torch.float32,overflow,masked_l1,0,after,0.0,True,True,0.0,False
cpu,torch.float32,overflow,masked_l1,1,before,0.20000004768371582,True,True,1.0,True
cpu,torch.float32,overflow,masked_l1,1,after,0.20000004768371582,True,True,1.0,True
cpu,torch.float32,overflow,masked_l1,2,before,0.20000004768371582,True,True,0.5,True
cpu,torch.float32,overflow,masked_l1,2,after,0.20000004768371582,True,True,0.5,True
cpu,torch.float32,overflow,masked_l1,3,before,0.20000003278255463,True,True,0.3333333432674408,True
cpu,torch.float32,overflow,masked_l1,3,after,0.20000003278255463,True,True,0.3333333432674408,True
cpu,torch.float32,overflow,masked_l1,4,before,0.2499999850988388,True,True,0.25,True
cpu,torch.float32,overflow,masked_l1,4,after,0.2499999850988388,True,True,0.25,True
cpu,torch.float32,overflow,masked_l1,5,before,0.30000001192092896,True,True,0.20000000298023224,True
cpu,torch.float32,overflow,masked_l1,5,after,0.30000001192092896,True,True,0.20000000298023224,True
cpu,torch.float32,overflow,masked_l1,6,before,0.3500000238418579,True,True,0.1666666716337204,True
cpu,torch.float32,overflow,masked_l1,6,after,0.3500000238418579,True,True,0.1666666716337204,True
cpu,torch.float32,overflow,masked_l1,7,before,0.37142857909202576,True,True,0.1428571492433548,True
cpu,torch.float32,overflow,masked_l1,7,after,0.37142857909202576,True,True,0.1428571492433548,True
cpu,torch.float32,overflow,masked_l1,8,before,0.4125000536441803,True,True,0.125,True
cpu,torch.float32,overflow,masked_l1,8,after,0.4125000536441803,True,True,0.125,True
cpu,torch.float32,overflow,pearson_depth_loss,0,before,,False,True,0.0,False
cpu,torch.float32,overflow,pearson_depth_loss,0,after,0.0,True,True,0.0,False
cpu,torch.float32,overflow,pearson_depth_loss,1,before,,False,True,0.0,False
cpu,torch.float32,overflow,pearson_depth_loss,1,after,0.0,True,True,0.0,False
cpu,torch.float32,overflow,pearson_depth_loss,2,before,0.0,True,True,0.0,True
cpu,torch.float32,overflow,pearson_depth_loss,2,after,0.0,True,True,0.0,True
cpu,torch.float32,overflow,pearson_depth_loss,3,before,0.024327337741851807,True,True,0.15720944106578827,True
cpu,torch.float32,overflow,pearson_depth_loss,3,after,0.024327337741851807,True,True,0.15720944106578827,True
cpu,torch.float32,overflow,pearson_depth_loss,4,before,0.010636329650878906,True,True,0.0692354291677475,True
cpu,torch.float32,overflow,pearson_depth_loss,4,after,0.010636329650878906,True,True,0.0692354291677475,True
cpu,torch.float32,overflow,pearson_depth_loss,5,before,0.004512012004852295,True,True,0.025371767580509186,True
cpu,torch.float32,overflow,pearson_depth_loss,5,after,0.004512012004852295,True,True,0.025371767580509186,True
cpu,torch.float32,overflow,pearson_depth_loss,6,before,0.045606911182403564,True,True,0.08425500243902206,True
cpu,torch.float32,overflow,pearson_depth_loss,6,after,0.045606911182403564,True,True,0.08425500243902206,True
cpu,torch.float32,overflow,pearson_depth_loss,7,before,0.024103283882141113,True,True,0.04844566807150841,True
cpu,torch.float32,overflow,pearson_depth_loss,7,after,0.024103283882141113,True,True,0.04844566807150841,True
cpu,torch.float32,overflow,pearson_depth_loss,8,before,0.04150652885437012,True,True,0.03697288781404495,True
cpu,torch.float32,overflow,pearson_depth_loss,8,after,0.04150652885437012,True,True,0.03697288781404495,True
cpu,torch.float64,nan,masked_l1,0,before,,False,True,0.0,False
cpu,torch.float64,nan,masked_l1,0,after,0.0,True,True,0.0,False
cpu,torch.float64,nan,masked_l1,1,before,0.19999999999999996,True,True,1.0,True
cpu,torch.float64,nan,masked_l1,1,after,0.19999999999999996,True,True,1.0,True
cpu,torch.float64,nan,masked_l1,2,before,0.19999999999999984,True,True,0.5,True
cpu,torch.float64,nan,masked_l1,2,after,0.19999999999999984,True,True,0.5,True
cpu,torch.float64,nan,masked_l1,3,before,0.19999999999999993,True,True,0.3333333333333333,True
cpu,torch.float64,nan,masked_l1,3,after,0.19999999999999993,True,True,0.3333333333333333,True
cpu,torch.float64,nan,masked_l1,4,before,0.24999999999999992,True,True,0.25,True
cpu,torch.float64,nan,masked_l1,4,after,0.24999999999999992,True,True,0.25,True
cpu,torch.float64,nan,masked_l1,5,before,0.29999999999999993,True,True,0.2,True
cpu,torch.float64,nan,masked_l1,5,after,0.29999999999999993,True,True,0.2,True
cpu,torch.float64,nan,masked_l1,6,before,0.3499999999999999,True,True,0.16666666666666666,True
cpu,torch.float64,nan,masked_l1,6,after,0.3499999999999999,True,True,0.16666666666666666,True
cpu,torch.float64,nan,masked_l1,7,before,0.3714285714285714,True,True,0.14285714285714285,True
cpu,torch.float64,nan,masked_l1,7,after,0.3714285714285714,True,True,0.14285714285714285,True
cpu,torch.float64,nan,masked_l1,8,before,0.4125,True,True,0.125,True
cpu,torch.float64,nan,masked_l1,8,after,0.4125,True,True,0.125,True
cpu,torch.float64,nan,pearson_depth_loss,0,before,,False,True,0.0,False
cpu,torch.float64,nan,pearson_depth_loss,0,after,0.0,True,True,0.0,False
cpu,torch.float64,nan,pearson_depth_loss,1,before,,False,True,0.0,False
cpu,torch.float64,nan,pearson_depth_loss,1,after,0.0,True,True,0.0,False
cpu,torch.float64,nan,pearson_depth_loss,2,before,0.0,True,True,0.0,True
cpu,torch.float64,nan,pearson_depth_loss,2,after,0.0,True,True,0.0,True
cpu,torch.float64,nan,pearson_depth_loss,3,before,0.024327282634404535,True,True,0.1572094445608879,True
cpu,torch.float64,nan,pearson_depth_loss,3,after,0.024327282634404535,True,True,0.1572094445608879,True
cpu,torch.float64,nan,pearson_depth_loss,4,before,0.010636421946696561,True,True,0.06923538223699585,True
cpu,torch.float64,nan,pearson_depth_loss,4,after,0.010636421946696561,True,True,0.06923538223699585,True
cpu,torch.float64,nan,pearson_depth_loss,5,before,0.004511983258247976,True,True,0.025371773409597398,True
cpu,torch.float64,nan,pearson_depth_loss,5,after,0.004511983258247976,True,True,0.025371773409597398,True
cpu,torch.float64,nan,pearson_depth_loss,6,before,0.04560688591324358,True,True,0.08425499255743965,True
cpu,torch.float64,nan,pearson_depth_loss,6,after,0.04560688591324358,True,True,0.08425499255743965,True
cpu,torch.float64,nan,pearson_depth_loss,7,before,0.024103280228337298,True,True,0.04844565464715153,True
cpu,torch.float64,nan,pearson_depth_loss,7,after,0.024103280228337298,True,True,0.04844565464715153,True
cpu,torch.float64,nan,pearson_depth_loss,8,before,0.041506529402817294,True,True,0.03697286916149582,True
cpu,torch.float64,nan,pearson_depth_loss,8,after,0.041506529402817294,True,True,0.03697286916149582,True
cpu,torch.float64,inf,masked_l1,0,before,,False,True,0.0,False
cpu,torch.float64,inf,masked_l1,0,after,0.0,True,True,0.0,False
cpu,torch.float64,inf,masked_l1,1,before,0.19999999999999996,True,True,1.0,True
cpu,torch.float64,inf,masked_l1,1,after,0.19999999999999996,True,True,1.0,True
cpu,torch.float64,inf,masked_l1,2,before,0.19999999999999984,True,True,0.5,True
cpu,torch.float64,inf,masked_l1,2,after,0.19999999999999984,True,True,0.5,True
cpu,torch.float64,inf,masked_l1,3,before,0.19999999999999993,True,True,0.3333333333333333,True
cpu,torch.float64,inf,masked_l1,3,after,0.19999999999999993,True,True,0.3333333333333333,True
cpu,torch.float64,inf,masked_l1,4,before,0.24999999999999992,True,True,0.25,True
cpu,torch.float64,inf,masked_l1,4,after,0.24999999999999992,True,True,0.25,True
cpu,torch.float64,inf,masked_l1,5,before,0.29999999999999993,True,True,0.2,True
cpu,torch.float64,inf,masked_l1,5,after,0.29999999999999993,True,True,0.2,True
cpu,torch.float64,inf,masked_l1,6,before,0.3499999999999999,True,True,0.16666666666666666,True
cpu,torch.float64,inf,masked_l1,6,after,0.3499999999999999,True,True,0.16666666666666666,True
cpu,torch.float64,inf,masked_l1,7,before,0.3714285714285714,True,True,0.14285714285714285,True
cpu,torch.float64,inf,masked_l1,7,after,0.3714285714285714,True,True,0.14285714285714285,True
cpu,torch.float64,inf,masked_l1,8,before,0.4125,True,True,0.125,True
cpu,torch.float64,inf,masked_l1,8,after,0.4125,True,True,0.125,True
cpu,torch.float64,inf,pearson_depth_loss,0,before,,False,True,0.0,False
cpu,torch.float64,inf,pearson_depth_loss,0,after,0.0,True,True,0.0,False
cpu,torch.float64,inf,pearson_depth_loss,1,before,,False,True,0.0,False
cpu,torch.float64,inf,pearson_depth_loss,1,after,0.0,True,True,0.0,False
cpu,torch.float64,inf,pearson_depth_loss,2,before,0.0,True,True,0.0,True
cpu,torch.float64,inf,pearson_depth_loss,2,after,0.0,True,True,0.0,True
cpu,torch.float64,inf,pearson_depth_loss,3,before,0.024327282634404535,True,True,0.1572094445608879,True
cpu,torch.float64,inf,pearson_depth_loss,3,after,0.024327282634404535,True,True,0.1572094445608879,True
cpu,torch.float64,inf,pearson_depth_loss,4,before,0.010636421946696561,True,True,0.06923538223699585,True
cpu,torch.float64,inf,pearson_depth_loss,4,after,0.010636421946696561,True,True,0.06923538223699585,True
cpu,torch.float64,inf,pearson_depth_loss,5,before,0.004511983258247976,True,True,0.025371773409597398,True
cpu,torch.float64,inf,pearson_depth_loss,5,after,0.004511983258247976,True,True,0.025371773409597398,True
cpu,torch.float64,inf,pearson_depth_loss,6,before,0.04560688591324358,True,True,0.08425499255743965,True
cpu,torch.float64,inf,pearson_depth_loss,6,after,0.04560688591324358,True,True,0.08425499255743965,True
cpu,torch.float64,inf,pearson_depth_loss,7,before,0.024103280228337298,True,True,0.04844565464715153,True
cpu,torch.float64,inf,pearson_depth_loss,7,after,0.024103280228337298,True,True,0.04844565464715153,True
cpu,torch.float64,inf,pearson_depth_loss,8,before,0.041506529402817294,True,True,0.03697286916149582,True
cpu,torch.float64,inf,pearson_depth_loss,8,after,0.041506529402817294,True,True,0.03697286916149582,True
cpu,torch.float64,negative-inf,masked_l1,0,before,,False,True,0.0,False
cpu,torch.float64,negative-inf,masked_l1,0,after,0.0,True,True,0.0,False
cpu,torch.float64,negative-inf,masked_l1,1,before,0.19999999999999996,True,True,1.0,True
cpu,torch.float64,negative-inf,masked_l1,1,after,0.19999999999999996,True,True,1.0,True
cpu,torch.float64,negative-inf,masked_l1,2,before,0.19999999999999984,True,True,0.5,True
cpu,torch.float64,negative-inf,masked_l1,2,after,0.19999999999999984,True,True,0.5,True
cpu,torch.float64,negative-inf,masked_l1,3,before,0.19999999999999993,True,True,0.3333333333333333,True
cpu,torch.float64,negative-inf,masked_l1,3,after,0.19999999999999993,True,True,0.3333333333333333,True
cpu,torch.float64,negative-inf,masked_l1,4,before,0.24999999999999992,True,True,0.25,True
cpu,torch.float64,negative-inf,masked_l1,4,after,0.24999999999999992,True,True,0.25,True
cpu,torch.float64,negative-inf,masked_l1,5,before,0.29999999999999993,True,True,0.2,True
cpu,torch.float64,negative-inf,masked_l1,5,after,0.29999999999999993,True,True,0.2,True
cpu,torch.float64,negative-inf,masked_l1,6,before,0.3499999999999999,True,True,0.16666666666666666,True
cpu,torch.float64,negative-inf,masked_l1,6,after,0.3499999999999999,True,True,0.16666666666666666,True
cpu,torch.float64,negative-inf,masked_l1,7,before,0.3714285714285714,True,True,0.14285714285714285,True
cpu,torch.float64,negative-inf,masked_l1,7,after,0.3714285714285714,True,True,0.14285714285714285,True
cpu,torch.float64,negative-inf,masked_l1,8,before,0.4125,True,True,0.125,True
cpu,torch.float64,negative-inf,masked_l1,8,after,0.4125,True,True,0.125,True
cpu,torch.float64,negative-inf,pearson_depth_loss,0,before,,False,True,0.0,False
cpu,torch.float64,negative-inf,pearson_depth_loss,0,after,0.0,True,True,0.0,False
cpu,torch.float64,negative-inf,pearson_depth_loss,1,before,,False,True,0.0,False
cpu,torch.float64,negative-inf,pearson_depth_loss,1,after,0.0,True,True,0.0,False
cpu,torch.float64,negative-inf,pearson_depth_loss,2,before,0.0,True,True,0.0,True
cpu,torch.float64,negative-inf,pearson_depth_loss,2,after,0.0,True,True,0.0,True
cpu,torch.float64,negative-inf,pearson_depth_loss,3,before,0.024327282634404535,True,True,0.1572094445608879,True
cpu,torch.float64,negative-inf,pearson_depth_loss,3,after,0.024327282634404535,True,True,0.1572094445608879,True
cpu,torch.float64,negative-inf,pearson_depth_loss,4,before,0.010636421946696561,True,True,0.06923538223699585,True
cpu,torch.float64,negative-inf,pearson_depth_loss,4,after,0.010636421946696561,True,True,0.06923538223699585,True
cpu,torch.float64,negative-inf,pearson_depth_loss,5,before,0.004511983258247976,True,True,0.025371773409597398,True
cpu,torch.float64,negative-inf,pearson_depth_loss,5,after,0.004511983258247976,True,True,0.025371773409597398,True
cpu,torch.float64,negative-inf,pearson_depth_loss,6,before,0.04560688591324358,True,True,0.08425499255743965,True
cpu,torch.float64,negative-inf,pearson_depth_loss,6,after,0.04560688591324358,True,True,0.08425499255743965,True
cpu,torch.float64,negative-inf,pearson_depth_loss,7,before,0.024103280228337298,True,True,0.04844565464715153,True
cpu,torch.float64,negative-inf,pearson_depth_loss,7,after,0.024103280228337298,True,True,0.04844565464715153,True
cpu,torch.float64,negative-inf,pearson_depth_loss,8,before,0.041506529402817294,True,True,0.03697286916149582,True
cpu,torch.float64,negative-inf,pearson_depth_loss,8,after,0.041506529402817294,True,True,0.03697286916149582,True
cpu,torch.float64,overflow,masked_l1,0,before,,False,True,0.0,False
cpu,torch.float64,overflow,masked_l1,0,after,0.0,True,True,0.0,False
cpu,torch.float64,overflow,masked_l1,1,before,0.19999999999999996,True,True,1.0,True
cpu,torch.float64,overflow,masked_l1,1,after,0.19999999999999996,True,True,1.0,True
cpu,torch.float64,overflow,masked_l1,2,before,0.19999999999999984,True,True,0.5,True
cpu,torch.float64,overflow,masked_l1,2,after,0.19999999999999984,True,True,0.5,True
cpu,torch.float64,overflow,masked_l1,3,before,0.19999999999999993,True,True,0.3333333333333333,True
cpu,torch.float64,overflow,masked_l1,3,after,0.19999999999999993,True,True,0.3333333333333333,True
cpu,torch.float64,overflow,masked_l1,4,before,0.24999999999999992,True,True,0.25,True
cpu,torch.float64,overflow,masked_l1,4,after,0.24999999999999992,True,True,0.25,True
cpu,torch.float64,overflow,masked_l1,5,before,0.29999999999999993,True,True,0.2,True
cpu,torch.float64,overflow,masked_l1,5,after,0.29999999999999993,True,True,0.2,True
cpu,torch.float64,overflow,masked_l1,6,before,0.3499999999999999,True,True,0.16666666666666666,True
cpu,torch.float64,overflow,masked_l1,6,after,0.3499999999999999,True,True,0.16666666666666666,True
cpu,torch.float64,overflow,masked_l1,7,before,0.3714285714285714,True,True,0.14285714285714285,True
cpu,torch.float64,overflow,masked_l1,7,after,0.3714285714285714,True,True,0.14285714285714285,True
cpu,torch.float64,overflow,masked_l1,8,before,0.4125,True,True,0.125,True
cpu,torch.float64,overflow,masked_l1,8,after,0.4125,True,True,0.125,True
cpu,torch.float64,overflow,pearson_depth_loss,0,before,,False,True,0.0,False
cpu,torch.float64,overflow,pearson_depth_loss,0,after,0.0,True,True,0.0,False
cpu,torch.float64,overflow,pearson_depth_loss,1,before,,False,True,0.0,False
cpu,torch.float64,overflow,pearson_depth_loss,1,after,0.0,True,True,0.0,False
cpu,torch.float64,overflow,pearson_depth_loss,2,before,0.0,True,True,0.0,True
cpu,torch.float64,overflow,pearson_depth_loss,2,after,0.0,True,True,0.0,True
cpu,torch.float64,overflow,pearson_depth_loss,3,before,0.024327282634404535,True,True,0.1572094445608879,True
cpu,torch.float64,overflow,pearson_depth_loss,3,after,0.024327282634404535,True,True,0.1572094445608879,True
cpu,torch.float64,overflow,pearson_depth_loss,4,before,0.010636421946696561,True,True,0.06923538223699585,True
cpu,torch.float64,overflow,pearson_depth_loss,4,after,0.010636421946696561,True,True,0.06923538223699585,True
cpu,torch.float64,overflow,pearson_depth_loss,5,before,0.004511983258247976,True,True,0.025371773409597398,True
cpu,torch.float64,overflow,pearson_depth_loss,5,after,0.004511983258247976,True,True,0.025371773409597398,True
cpu,torch.float64,overflow,pearson_depth_loss,6,before,0.04560688591324358,True,True,0.08425499255743965,True
cpu,torch.float64,overflow,pearson_depth_loss,6,after,0.04560688591324358,True,True,0.08425499255743965,True
cpu,torch.float64,overflow,pearson_depth_loss,7,before,0.024103280228337298,True,True,0.04844565464715153,True
cpu,torch.float64,overflow,pearson_depth_loss,7,after,0.024103280228337298,True,True,0.04844565464715153,True
cpu,torch.float64,overflow,pearson_depth_loss,8,before,0.041506529402817294,True,True,0.03697286916149582,True
cpu,torch.float64,overflow,pearson_depth_loss,8,after,0.041506529402817294,True,True,0.03697286916149582,True
cuda,torch.float32,nan,masked_l1,0,before,,False,True,0.0,False
cuda,torch.float32,nan,masked_l1,0,after,0.0,True,True,0.0,False
cuda,torch.float32,nan,masked_l1,1,before,0.20000004768371582,True,True,1.0,True
cuda,torch.float32,nan,masked_l1,1,after,0.20000004768371582,True,True,1.0,True
cuda,torch.float32,nan,masked_l1,2,before,0.20000004768371582,True,True,0.5,True
cuda,torch.float32,nan,masked_l1,2,after,0.20000004768371582,True,True,0.5,True
cuda,torch.float32,nan,masked_l1,3,before,0.20000003278255463,True,True,0.3333333432674408,True
cuda,torch.float32,nan,masked_l1,3,after,0.20000003278255463,True,True,0.3333333432674408,True
cuda,torch.float32,nan,masked_l1,4,before,0.2499999850988388,True,True,0.25,True
cuda,torch.float32,nan,masked_l1,4,after,0.2499999850988388,True,True,0.25,True
cuda,torch.float32,nan,masked_l1,5,before,0.30000001192092896,True,True,0.20000000298023224,True
cuda,torch.float32,nan,masked_l1,5,after,0.30000001192092896,True,True,0.20000000298023224,True
cuda,torch.float32,nan,masked_l1,6,before,0.3500000238418579,True,True,0.1666666716337204,True
cuda,torch.float32,nan,masked_l1,6,after,0.3500000238418579,True,True,0.1666666716337204,True
cuda,torch.float32,nan,masked_l1,7,before,0.37142860889434814,True,True,0.1428571492433548,True
cuda,torch.float32,nan,masked_l1,7,after,0.37142860889434814,True,True,0.1428571492433548,True
cuda,torch.float32,nan,masked_l1,8,before,0.4125000536441803,True,True,0.125,True
cuda,torch.float32,nan,masked_l1,8,after,0.4125000536441803,True,True,0.125,True
cuda,torch.float32,nan,pearson_depth_loss,0,before,,False,True,0.0,False
cuda,torch.float32,nan,pearson_depth_loss,0,after,0.0,True,True,0.0,False
cuda,torch.float32,nan,pearson_depth_loss,1,before,,False,True,0.0,False
cuda,torch.float32,nan,pearson_depth_loss,1,after,0.0,True,True,0.0,False
cuda,torch.float32,nan,pearson_depth_loss,2,before,0.0,True,True,0.0,True
cuda,torch.float32,nan,pearson_depth_loss,2,after,0.0,True,True,0.0,True
cuda,torch.float32,nan,pearson_depth_loss,3,before,0.024327337741851807,True,True,0.15720944106578827,True
cuda,torch.float32,nan,pearson_depth_loss,3,after,0.024327337741851807,True,True,0.15720944106578827,True
cuda,torch.float32,nan,pearson_depth_loss,4,before,0.010636329650878906,True,True,0.0692354291677475,True
cuda,torch.float32,nan,pearson_depth_loss,4,after,0.010636329650878906,True,True,0.0692354291677475,True
cuda,torch.float32,nan,pearson_depth_loss,5,before,0.004511892795562744,True,True,0.02537175826728344,True
cuda,torch.float32,nan,pearson_depth_loss,5,after,0.004511892795562744,True,True,0.02537175826728344,True
cuda,torch.float32,nan,pearson_depth_loss,6,before,0.045606911182403564,True,True,0.08425500243902206,True
cuda,torch.float32,nan,pearson_depth_loss,6,after,0.045606911182403564,True,True,0.08425500243902206,True
cuda,torch.float32,nan,pearson_depth_loss,7,before,0.024103283882141113,True,True,0.04844566062092781,True
cuda,torch.float32,nan,pearson_depth_loss,7,after,0.024103283882141113,True,True,0.04844566062092781,True
cuda,torch.float32,nan,pearson_depth_loss,8,before,0.04150658845901489,True,True,0.03697286546230316,True
cuda,torch.float32,nan,pearson_depth_loss,8,after,0.04150658845901489,True,True,0.03697286546230316,True
cuda,torch.float32,inf,masked_l1,0,before,,False,True,0.0,False
cuda,torch.float32,inf,masked_l1,0,after,0.0,True,True,0.0,False
cuda,torch.float32,inf,masked_l1,1,before,0.20000004768371582,True,True,1.0,True
cuda,torch.float32,inf,masked_l1,1,after,0.20000004768371582,True,True,1.0,True
cuda,torch.float32,inf,masked_l1,2,before,0.20000004768371582,True,True,0.5,True
cuda,torch.float32,inf,masked_l1,2,after,0.20000004768371582,True,True,0.5,True
cuda,torch.float32,inf,masked_l1,3,before,0.20000003278255463,True,True,0.3333333432674408,True
cuda,torch.float32,inf,masked_l1,3,after,0.20000003278255463,True,True,0.3333333432674408,True
cuda,torch.float32,inf,masked_l1,4,before,0.2499999850988388,True,True,0.25,True
cuda,torch.float32,inf,masked_l1,4,after,0.2499999850988388,True,True,0.25,True
cuda,torch.float32,inf,masked_l1,5,before,0.30000001192092896,True,True,0.20000000298023224,True
cuda,torch.float32,inf,masked_l1,5,after,0.30000001192092896,True,True,0.20000000298023224,True
cuda,torch.float32,inf,masked_l1,6,before,0.3500000238418579,True,True,0.1666666716337204,True
cuda,torch.float32,inf,masked_l1,6,after,0.3500000238418579,True,True,0.1666666716337204,True
cuda,torch.float32,inf,masked_l1,7,before,0.37142860889434814,True,True,0.1428571492433548,True
cuda,torch.float32,inf,masked_l1,7,after,0.37142860889434814,True,True,0.1428571492433548,True
cuda,torch.float32,inf,masked_l1,8,before,0.4125000536441803,True,True,0.125,True
cuda,torch.float32,inf,masked_l1,8,after,0.4125000536441803,True,True,0.125,True
cuda,torch.float32,inf,pearson_depth_loss,0,before,,False,True,0.0,False
cuda,torch.float32,inf,pearson_depth_loss,0,after,0.0,True,True,0.0,False
cuda,torch.float32,inf,pearson_depth_loss,1,before,,False,True,0.0,False
cuda,torch.float32,inf,pearson_depth_loss,1,after,0.0,True,True,0.0,False
cuda,torch.float32,inf,pearson_depth_loss,2,before,0.0,True,True,0.0,True
cuda,torch.float32,inf,pearson_depth_loss,2,after,0.0,True,True,0.0,True
cuda,torch.float32,inf,pearson_depth_loss,3,before,0.024327337741851807,True,True,0.15720944106578827,True
cuda,torch.float32,inf,pearson_depth_loss,3,after,0.024327337741851807,True,True,0.15720944106578827,True
cuda,torch.float32,inf,pearson_depth_loss,4,before,0.010636329650878906,True,True,0.0692354291677475,True
cuda,torch.float32,inf,pearson_depth_loss,4,after,0.010636329650878906,True,True,0.0692354291677475,True
cuda,torch.float32,inf,pearson_depth_loss,5,before,0.004511892795562744,True,True,0.02537175826728344,True
cuda,torch.float32,inf,pearson_depth_loss,5,after,0.004511892795562744,True,True,0.02537175826728344,True
cuda,torch.float32,inf,pearson_depth_loss,6,before,0.045606911182403564,True,True,0.08425500243902206,True
cuda,torch.float32,inf,pearson_depth_loss,6,after,0.045606911182403564,True,True,0.08425500243902206,True
cuda,torch.float32,inf,pearson_depth_loss,7,before,0.024103283882141113,True,True,0.04844566062092781,True
cuda,torch.float32,inf,pearson_depth_loss,7,after,0.024103283882141113,True,True,0.04844566062092781,True
cuda,torch.float32,inf,pearson_depth_loss,8,before,0.04150658845901489,True,True,0.03697286546230316,True
cuda,torch.float32,inf,pearson_depth_loss,8,after,0.04150658845901489,True,True,0.03697286546230316,True
cuda,torch.float32,negative-inf,masked_l1,0,before,,False,True,0.0,False
cuda,torch.float32,negative-inf,masked_l1,0,after,0.0,True,True,0.0,False
cuda,torch.float32,negative-inf,masked_l1,1,before,0.20000004768371582,True,True,1.0,True
cuda,torch.float32,negative-inf,masked_l1,1,after,0.20000004768371582,True,True,1.0,True
cuda,torch.float32,negative-inf,masked_l1,2,before,0.20000004768371582,True,True,0.5,True
cuda,torch.float32,negative-inf,masked_l1,2,after,0.20000004768371582,True,True,0.5,True
cuda,torch.float32,negative-inf,masked_l1,3,before,0.20000003278255463,True,True,0.3333333432674408,True
cuda,torch.float32,negative-inf,masked_l1,3,after,0.20000003278255463,True,True,0.3333333432674408,True
cuda,torch.float32,negative-inf,masked_l1,4,before,0.2499999850988388,True,True,0.25,True
cuda,torch.float32,negative-inf,masked_l1,4,after,0.2499999850988388,True,True,0.25,True
cuda,torch.float32,negative-inf,masked_l1,5,before,0.30000001192092896,True,True,0.20000000298023224,True
cuda,torch.float32,negative-inf,masked_l1,5,after,0.30000001192092896,True,True,0.20000000298023224,True
cuda,torch.float32,negative-inf,masked_l1,6,before,0.3500000238418579,True,True,0.1666666716337204,True
cuda,torch.float32,negative-inf,masked_l1,6,after,0.3500000238418579,True,True,0.1666666716337204,True
cuda,torch.float32,negative-inf,masked_l1,7,before,0.37142860889434814,True,True,0.1428571492433548,True
cuda,torch.float32,negative-inf,masked_l1,7,after,0.37142860889434814,True,True,0.1428571492433548,True
cuda,torch.float32,negative-inf,masked_l1,8,before,0.4125000536441803,True,True,0.125,True
cuda,torch.float32,negative-inf,masked_l1,8,after,0.4125000536441803,True,True,0.125,True
cuda,torch.float32,negative-inf,pearson_depth_loss,0,before,,False,True,0.0,False
cuda,torch.float32,negative-inf,pearson_depth_loss,0,after,0.0,True,True,0.0,False
cuda,torch.float32,negative-inf,pearson_depth_loss,1,before,,False,True,0.0,False
cuda,torch.float32,negative-inf,pearson_depth_loss,1,after,0.0,True,True,0.0,False
cuda,torch.float32,negative-inf,pearson_depth_loss,2,before,0.0,True,True,0.0,True
cuda,torch.float32,negative-inf,pearson_depth_loss,2,after,0.0,True,True,0.0,True
cuda,torch.float32,negative-inf,pearson_depth_loss,3,before,0.024327337741851807,True,True,0.15720944106578827,True
cuda,torch.float32,negative-inf,pearson_depth_loss,3,after,0.024327337741851807,True,True,0.15720944106578827,True
cuda,torch.float32,negative-inf,pearson_depth_loss,4,before,0.010636329650878906,True,True,0.0692354291677475,True
cuda,torch.float32,negative-inf,pearson_depth_loss,4,after,0.010636329650878906,True,True,0.0692354291677475,True
cuda,torch.float32,negative-inf,pearson_depth_loss,5,before,0.004511892795562744,True,True,0.02537175826728344,True
cuda,torch.float32,negative-inf,pearson_depth_loss,5,after,0.004511892795562744,True,True,0.02537175826728344,True
cuda,torch.float32,negative-inf,pearson_depth_loss,6,before,0.045606911182403564,True,True,0.08425500243902206,True
cuda,torch.float32,negative-inf,pearson_depth_loss,6,after,0.045606911182403564,True,True,0.08425500243902206,True
cuda,torch.float32,negative-inf,pearson_depth_loss,7,before,0.024103283882141113,True,True,0.04844566062092781,True
cuda,torch.float32,negative-inf,pearson_depth_loss,7,after,0.024103283882141113,True,True,0.04844566062092781,True
cuda,torch.float32,negative-inf,pearson_depth_loss,8,before,0.04150658845901489,True,True,0.03697286546230316,True
cuda,torch.float32,negative-inf,pearson_depth_loss,8,after,0.04150658845901489,True,True,0.03697286546230316,True
cuda,torch.float32,overflow,masked_l1,0,before,,False,True,0.0,False
cuda,torch.float32,overflow,masked_l1,0,after,0.0,True,True,0.0,False
cuda,torch.float32,overflow,masked_l1,1,before,0.20000004768371582,True,True,1.0,True
cuda,torch.float32,overflow,masked_l1,1,after,0.20000004768371582,True,True,1.0,True
cuda,torch.float32,overflow,masked_l1,2,before,0.20000004768371582,True,True,0.5,True
cuda,torch.float32,overflow,masked_l1,2,after,0.20000004768371582,True,True,0.5,True
cuda,torch.float32,overflow,masked_l1,3,before,0.20000003278255463,True,True,0.3333333432674408,True
cuda,torch.float32,overflow,masked_l1,3,after,0.20000003278255463,True,True,0.3333333432674408,True
cuda,torch.float32,overflow,masked_l1,4,before,0.2499999850988388,True,True,0.25,True
cuda,torch.float32,overflow,masked_l1,4,after,0.2499999850988388,True,True,0.25,True
cuda,torch.float32,overflow,masked_l1,5,before,0.30000001192092896,True,True,0.20000000298023224,True
cuda,torch.float32,overflow,masked_l1,5,after,0.30000001192092896,True,True,0.20000000298023224,True
cuda,torch.float32,overflow,masked_l1,6,before,0.3500000238418579,True,True,0.1666666716337204,True
cuda,torch.float32,overflow,masked_l1,6,after,0.3500000238418579,True,True,0.1666666716337204,True
cuda,torch.float32,overflow,masked_l1,7,before,0.37142860889434814,True,True,0.1428571492433548,True
cuda,torch.float32,overflow,masked_l1,7,after,0.37142860889434814,True,True,0.1428571492433548,True
cuda,torch.float32,overflow,masked_l1,8,before,0.4125000536441803,True,True,0.125,True
cuda,torch.float32,overflow,masked_l1,8,after,0.4125000536441803,True,True,0.125,True
cuda,torch.float32,overflow,pearson_depth_loss,0,before,,False,True,0.0,False
cuda,torch.float32,overflow,pearson_depth_loss,0,after,0.0,True,True,0.0,False
cuda,torch.float32,overflow,pearson_depth_loss,1,before,,False,True,0.0,False
cuda,torch.float32,overflow,pearson_depth_loss,1,after,0.0,True,True,0.0,False
cuda,torch.float32,overflow,pearson_depth_loss,2,before,0.0,True,True,0.0,True
cuda,torch.float32,overflow,pearson_depth_loss,2,after,0.0,True,True,0.0,True
cuda,torch.float32,overflow,pearson_depth_loss,3,before,0.024327337741851807,True,True,0.15720944106578827,True
cuda,torch.float32,overflow,pearson_depth_loss,3,after,0.024327337741851807,True,True,0.15720944106578827,True
cuda,torch.float32,overflow,pearson_depth_loss,4,before,0.010636329650878906,True,True,0.0692354291677475,True
cuda,torch.float32,overflow,pearson_depth_loss,4,after,0.010636329650878906,True,True,0.0692354291677475,True
cuda,torch.float32,overflow,pearson_depth_loss,5,before,0.004511892795562744,True,True,0.02537175826728344,True
cuda,torch.float32,overflow,pearson_depth_loss,5,after,0.004511892795562744,True,True,0.02537175826728344,True
cuda,torch.float32,overflow,pearson_depth_loss,6,before,0.045606911182403564,True,True,0.08425500243902206,True
cuda,torch.float32,overflow,pearson_depth_loss,6,after,0.045606911182403564,True,True,0.08425500243902206,True
cuda,torch.float32,overflow,pearson_depth_loss,7,before,0.024103283882141113,True,True,0.04844566062092781,True
cuda,torch.float32,overflow,pearson_depth_loss,7,after,0.024103283882141113,True,True,0.04844566062092781,True
cuda,torch.float32,overflow,pearson_depth_loss,8,before,0.04150658845901489,True,True,0.03697286546230316,True
cuda,torch.float32,overflow,pearson_depth_loss,8,after,0.04150658845901489,True,True,0.03697286546230316,True
cuda,torch.float64,nan,masked_l1,0,before,,False,True,0.0,False
cuda,torch.float64,nan,masked_l1,0,after,0.0,True,True,0.0,False
cuda,torch.float64,nan,masked_l1,1,before,0.19999999999999996,True,True,1.0,True
cuda,torch.float64,nan,masked_l1,1,after,0.19999999999999996,True,True,1.0,True
cuda,torch.float64,nan,masked_l1,2,before,0.19999999999999984,True,True,0.5,True
cuda,torch.float64,nan,masked_l1,2,after,0.19999999999999984,True,True,0.5,True
cuda,torch.float64,nan,masked_l1,3,before,0.1999999999999999,True,True,0.3333333333333333,True
cuda,torch.float64,nan,masked_l1,3,after,0.1999999999999999,True,True,0.3333333333333333,True
cuda,torch.float64,nan,masked_l1,4,before,0.24999999999999992,True,True,0.25,True
cuda,torch.float64,nan,masked_l1,4,after,0.24999999999999992,True,True,0.25,True
cuda,torch.float64,nan,masked_l1,5,before,0.29999999999999993,True,True,0.2,True
cuda,torch.float64,nan,masked_l1,5,after,0.29999999999999993,True,True,0.2,True
cuda,torch.float64,nan,masked_l1,6,before,0.3499999999999999,True,True,0.16666666666666666,True
cuda,torch.float64,nan,masked_l1,6,after,0.3499999999999999,True,True,0.16666666666666666,True
cuda,torch.float64,nan,masked_l1,7,before,0.37142857142857133,True,True,0.14285714285714285,True
cuda,torch.float64,nan,masked_l1,7,after,0.37142857142857133,True,True,0.14285714285714285,True
cuda,torch.float64,nan,masked_l1,8,before,0.4125,True,True,0.125,True
cuda,torch.float64,nan,masked_l1,8,after,0.4125,True,True,0.125,True
cuda,torch.float64,nan,pearson_depth_loss,0,before,,False,True,0.0,False
cuda,torch.float64,nan,pearson_depth_loss,0,after,0.0,True,True,0.0,False
cuda,torch.float64,nan,pearson_depth_loss,1,before,,False,True,0.0,False
cuda,torch.float64,nan,pearson_depth_loss,1,after,0.0,True,True,0.0,False
cuda,torch.float64,nan,pearson_depth_loss,2,before,0.0,True,True,0.0,True
cuda,torch.float64,nan,pearson_depth_loss,2,after,0.0,True,True,0.0,True
cuda,torch.float64,nan,pearson_depth_loss,3,before,0.024327282634404535,True,True,0.15720944456088795,True
cuda,torch.float64,nan,pearson_depth_loss,3,after,0.024327282634404535,True,True,0.15720944456088795,True
cuda,torch.float64,nan,pearson_depth_loss,4,before,0.010636421946696561,True,True,0.06923538223699585,True
cuda,torch.float64,nan,pearson_depth_loss,4,after,0.010636421946696561,True,True,0.06923538223699585,True
cuda,torch.float64,nan,pearson_depth_loss,5,before,0.004511983258247976,True,True,0.025371773409597398,True
cuda,torch.float64,nan,pearson_depth_loss,5,after,0.004511983258247976,True,True,0.025371773409597398,True
cuda,torch.float64,nan,pearson_depth_loss,6,before,0.0456068859132438,True,True,0.0842549925574396,True
cuda,torch.float64,nan,pearson_depth_loss,6,after,0.0456068859132438,True,True,0.0842549925574396,True
cuda,torch.float64,nan,pearson_depth_loss,7,before,0.024103280228337076,True,True,0.048445654647151566,True
cuda,torch.float64,nan,pearson_depth_loss,7,after,0.024103280228337076,True,True,0.048445654647151566,True
cuda,torch.float64,nan,pearson_depth_loss,8,before,0.04150652940281696,True,True,0.036972869161495864,True
cuda,torch.float64,nan,pearson_depth_loss,8,after,0.04150652940281696,True,True,0.036972869161495864,True
cuda,torch.float64,inf,masked_l1,0,before,,False,True,0.0,False
cuda,torch.float64,inf,masked_l1,0,after,0.0,True,True,0.0,False
cuda,torch.float64,inf,masked_l1,1,before,0.19999999999999996,True,True,1.0,True
cuda,torch.float64,inf,masked_l1,1,after,0.19999999999999996,True,True,1.0,True
cuda,torch.float64,inf,masked_l1,2,before,0.19999999999999984,True,True,0.5,True
cuda,torch.float64,inf,masked_l1,2,after,0.19999999999999984,True,True,0.5,True
cuda,torch.float64,inf,masked_l1,3,before,0.1999999999999999,True,True,0.3333333333333333,True
cuda,torch.float64,inf,masked_l1,3,after,0.1999999999999999,True,True,0.3333333333333333,True
cuda,torch.float64,inf,masked_l1,4,before,0.24999999999999992,True,True,0.25,True
cuda,torch.float64,inf,masked_l1,4,after,0.24999999999999992,True,True,0.25,True
cuda,torch.float64,inf,masked_l1,5,before,0.29999999999999993,True,True,0.2,True
cuda,torch.float64,inf,masked_l1,5,after,0.29999999999999993,True,True,0.2,True
cuda,torch.float64,inf,masked_l1,6,before,0.3499999999999999,True,True,0.16666666666666666,True
cuda,torch.float64,inf,masked_l1,6,after,0.3499999999999999,True,True,0.16666666666666666,True
cuda,torch.float64,inf,masked_l1,7,before,0.37142857142857133,True,True,0.14285714285714285,True
cuda,torch.float64,inf,masked_l1,7,after,0.37142857142857133,True,True,0.14285714285714285,True
cuda,torch.float64,inf,masked_l1,8,before,0.4125,True,True,0.125,True
cuda,torch.float64,inf,masked_l1,8,after,0.4125,True,True,0.125,True
cuda,torch.float64,inf,pearson_depth_loss,0,before,,False,True,0.0,False
cuda,torch.float64,inf,pearson_depth_loss,0,after,0.0,True,True,0.0,False
cuda,torch.float64,inf,pearson_depth_loss,1,before,,False,True,0.0,False
cuda,torch.float64,inf,pearson_depth_loss,1,after,0.0,True,True,0.0,False
cuda,torch.float64,inf,pearson_depth_loss,2,before,0.0,True,True,0.0,True
cuda,torch.float64,inf,pearson_depth_loss,2,after,0.0,True,True,0.0,True
cuda,torch.float64,inf,pearson_depth_loss,3,before,0.024327282634404535,True,True,0.15720944456088795,True
cuda,torch.float64,inf,pearson_depth_loss,3,after,0.024327282634404535,True,True,0.15720944456088795,True
cuda,torch.float64,inf,pearson_depth_loss,4,before,0.010636421946696561,True,True,0.06923538223699585,True
cuda,torch.float64,inf,pearson_depth_loss,4,after,0.010636421946696561,True,True,0.06923538223699585,True
cuda,torch.float64,inf,pearson_depth_loss,5,before,0.004511983258247976,True,True,0.025371773409597398,True
cuda,torch.float64,inf,pearson_depth_loss,5,after,0.004511983258247976,True,True,0.025371773409597398,True
cuda,torch.float64,inf,pearson_depth_loss,6,before,0.0456068859132438,True,True,0.0842549925574396,True
cuda,torch.float64,inf,pearson_depth_loss,6,after,0.0456068859132438,True,True,0.0842549925574396,True
cuda,torch.float64,inf,pearson_depth_loss,7,before,0.024103280228337076,True,True,0.048445654647151566,True
cuda,torch.float64,inf,pearson_depth_loss,7,after,0.024103280228337076,True,True,0.048445654647151566,True
cuda,torch.float64,inf,pearson_depth_loss,8,before,0.04150652940281696,True,True,0.036972869161495864,True
cuda,torch.float64,inf,pearson_depth_loss,8,after,0.04150652940281696,True,True,0.036972869161495864,True
cuda,torch.float64,negative-inf,masked_l1,0,before,,False,True,0.0,False
cuda,torch.float64,negative-inf,masked_l1,0,after,0.0,True,True,0.0,False
cuda,torch.float64,negative-inf,masked_l1,1,before,0.19999999999999996,True,True,1.0,True
cuda,torch.float64,negative-inf,masked_l1,1,after,0.19999999999999996,True,True,1.0,True
cuda,torch.float64,negative-inf,masked_l1,2,before,0.19999999999999984,True,True,0.5,True
cuda,torch.float64,negative-inf,masked_l1,2,after,0.19999999999999984,True,True,0.5,True
cuda,torch.float64,negative-inf,masked_l1,3,before,0.1999999999999999,True,True,0.3333333333333333,True
cuda,torch.float64,negative-inf,masked_l1,3,after,0.1999999999999999,True,True,0.3333333333333333,True
cuda,torch.float64,negative-inf,masked_l1,4,before,0.24999999999999992,True,True,0.25,True
cuda,torch.float64,negative-inf,masked_l1,4,after,0.24999999999999992,True,True,0.25,True
cuda,torch.float64,negative-inf,masked_l1,5,before,0.29999999999999993,True,True,0.2,True
cuda,torch.float64,negative-inf,masked_l1,5,after,0.29999999999999993,True,True,0.2,True
cuda,torch.float64,negative-inf,masked_l1,6,before,0.3499999999999999,True,True,0.16666666666666666,True
cuda,torch.float64,negative-inf,masked_l1,6,after,0.3499999999999999,True,True,0.16666666666666666,True
cuda,torch.float64,negative-inf,masked_l1,7,before,0.37142857142857133,True,True,0.14285714285714285,True
cuda,torch.float64,negative-inf,masked_l1,7,after,0.37142857142857133,True,True,0.14285714285714285,True
cuda,torch.float64,negative-inf,masked_l1,8,before,0.4125,True,True,0.125,True
cuda,torch.float64,negative-inf,masked_l1,8,after,0.4125,True,True,0.125,True
cuda,torch.float64,negative-inf,pearson_depth_loss,0,before,,False,True,0.0,False
cuda,torch.float64,negative-inf,pearson_depth_loss,0,after,0.0,True,True,0.0,False
cuda,torch.float64,negative-inf,pearson_depth_loss,1,before,,False,True,0.0,False
cuda,torch.float64,negative-inf,pearson_depth_loss,1,after,0.0,True,True,0.0,False
cuda,torch.float64,negative-inf,pearson_depth_loss,2,before,0.0,True,True,0.0,True
cuda,torch.float64,negative-inf,pearson_depth_loss,2,after,0.0,True,True,0.0,True
cuda,torch.float64,negative-inf,pearson_depth_loss,3,before,0.024327282634404535,True,True,0.15720944456088795,True
cuda,torch.float64,negative-inf,pearson_depth_loss,3,after,0.024327282634404535,True,True,0.15720944456088795,True
cuda,torch.float64,negative-inf,pearson_depth_loss,4,before,0.010636421946696561,True,True,0.06923538223699585,True
cuda,torch.float64,negative-inf,pearson_depth_loss,4,after,0.010636421946696561,True,True,0.06923538223699585,True
cuda,torch.float64,negative-inf,pearson_depth_loss,5,before,0.004511983258247976,True,True,0.025371773409597398,True
cuda,torch.float64,negative-inf,pearson_depth_loss,5,after,0.004511983258247976,True,True,0.025371773409597398,True
cuda,torch.float64,negative-inf,pearson_depth_loss,6,before,0.0456068859132438,True,True,0.0842549925574396,True
cuda,torch.float64,negative-inf,pearson_depth_loss,6,after,0.0456068859132438,True,True,0.0842549925574396,True
cuda,torch.float64,negative-inf,pearson_depth_loss,7,before,0.024103280228337076,True,True,0.048445654647151566,True
cuda,torch.float64,negative-inf,pearson_depth_loss,7,after,0.024103280228337076,True,True,0.048445654647151566,True
cuda,torch.float64,negative-inf,pearson_depth_loss,8,before,0.04150652940281696,True,True,0.036972869161495864,True
cuda,torch.float64,negative-inf,pearson_depth_loss,8,after,0.04150652940281696,True,True,0.036972869161495864,True
cuda,torch.float64,overflow,masked_l1,0,before,,False,True,0.0,False
cuda,torch.float64,overflow,masked_l1,0,after,0.0,True,True,0.0,False
cuda,torch.float64,overflow,masked_l1,1,before,0.19999999999999996,True,True,1.0,True
cuda,torch.float64,overflow,masked_l1,1,after,0.19999999999999996,True,True,1.0,True
cuda,torch.float64,overflow,masked_l1,2,before,0.19999999999999984,True,True,0.5,True
cuda,torch.float64,overflow,masked_l1,2,after,0.19999999999999984,True,True,0.5,True
cuda,torch.float64,overflow,masked_l1,3,before,0.1999999999999999,True,True,0.3333333333333333,True
cuda,torch.float64,overflow,masked_l1,3,after,0.1999999999999999,True,True,0.3333333333333333,True
cuda,torch.float64,overflow,masked_l1,4,before,0.24999999999999992,True,True,0.25,True
cuda,torch.float64,overflow,masked_l1,4,after,0.24999999999999992,True,True,0.25,True
cuda,torch.float64,overflow,masked_l1,5,before,0.29999999999999993,True,True,0.2,True
cuda,torch.float64,overflow,masked_l1,5,after,0.29999999999999993,True,True,0.2,True
cuda,torch.float64,overflow,masked_l1,6,before,0.3499999999999999,True,True,0.16666666666666666,True
cuda,torch.float64,overflow,masked_l1,6,after,0.3499999999999999,True,True,0.16666666666666666,True
cuda,torch.float64,overflow,masked_l1,7,before,0.37142857142857133,True,True,0.14285714285714285,True
cuda,torch.float64,overflow,masked_l1,7,after,0.37142857142857133,True,True,0.14285714285714285,True
cuda,torch.float64,overflow,masked_l1,8,before,0.4125,True,True,0.125,True
cuda,torch.float64,overflow,masked_l1,8,after,0.4125,True,True,0.125,True
cuda,torch.float64,overflow,pearson_depth_loss,0,before,,False,True,0.0,False
cuda,torch.float64,overflow,pearson_depth_loss,0,after,0.0,True,True,0.0,False
cuda,torch.float64,overflow,pearson_depth_loss,1,before,,False,True,0.0,False
cuda,torch.float64,overflow,pearson_depth_loss,1,after,0.0,True,True,0.0,False
cuda,torch.float64,overflow,pearson_depth_loss,2,before,0.0,True,True,0.0,True
cuda,torch.float64,overflow,pearson_depth_loss,2,after,0.0,True,True,0.0,True
cuda,torch.float64,overflow,pearson_depth_loss,3,before,0.024327282634404535,True,True,0.15720944456088795,True
cuda,torch.float64,overflow,pearson_depth_loss,3,after,0.024327282634404535,True,True,0.15720944456088795,True
cuda,torch.float64,overflow,pearson_depth_loss,4,before,0.010636421946696561,True,True,0.06923538223699585,True
cuda,torch.float64,overflow,pearson_depth_loss,4,after,0.010636421946696561,True,True,0.06923538223699585,True
cuda,torch.float64,overflow,pearson_depth_loss,5,before,0.004511983258247976,True,True,0.025371773409597398,True
cuda,torch.float64,overflow,pearson_depth_loss,5,after,0.004511983258247976,True,True,0.025371773409597398,True
cuda,torch.float64,overflow,pearson_depth_loss,6,before,0.0456068859132438,True,True,0.0842549925574396,True
cuda,torch.float64,overflow,pearson_depth_loss,6,after,0.0456068859132438,True,True,0.0842549925574396,True
cuda,torch.float64,overflow,pearson_depth_loss,7,before,0.024103280228337076,True,True,0.048445654647151566,True
cuda,torch.float64,overflow,pearson_depth_loss,7,after,0.024103280228337076,True,True,0.048445654647151566,True
cuda,torch.float64,overflow,pearson_depth_loss,8,before,0.04150652940281696,True,True,0.036972869161495864,True
cuda,torch.float64,overflow,pearson_depth_loss,8,after,0.04150652940281696,True,True,0.036972869161495864,True
